id;seq_no;created_on;first_name;last_name;email;phone_number;company_name;telegram_name
1;17974;98402;Robyn;Marquardt;Lawson_Greenfelder@gmail.com;green Investment Security;SQL;empower auxiliary experiences
2;19477;52388;Winfield;Ruecker;Kassandra_Huel4@yahoo.com;Tennessee Chile Extended;Pa'anga azure online;JBOD
3;9354;23865;Margaretta;Stark;Elouise_Bradtke9@gmail.com;California;bluetooth secondary;protocol
4;83950;64810;Astrid;Ruecker;Cristian9@hotmail.com;Small Renminbi plum;Dollar calculate Chair;Cheese Loan Lead
5;63982;88493;Jannie;Miller;Kelvin.Macejkovic11@hotmail.com;Loan Rustic Re-engineered;hacking;Berkshire
6;16417;57019;Clinton;Stokes;Orin.Dietrich65@gmail.com;Future;generating Cliff Metrics;redefine
7;59991;82015;D'angelo;Bernier;Hilda.Jones7@gmail.com;matrix;Via;overriding Japan multi-tasking
8;4371;62830;Clair;Schultz;Destiny84@yahoo.com;International;Electronics;Small virtual Account
9;18858;98083;Jerrell;Schimmel;Scarlett62@hotmail.com;Open-source parsing Ramp;Human New;haptic Dynamic Cambridgeshire
10;7212;28634;Shanel;Collins;Stone40@hotmail.com;Account Maine Sausages;Carolina;monitor synthesizing
