id;seq_no;created_on;created_by;action
1;Texas Focused;2021-07-13T00:22:54;Loop;Infrastructure gold Grove
2;Australia reboot program;2021-07-12T10:52:51;SDR;online Soft Central
3;Home;2021-07-13T00:30:18;Bhutanese;program 1080p Horizontal
4;Division Rand;2021-07-13T04:51:13;synergy transmitting;Buckinghamshire strategic Krona
5;Dynamic iterate;2021-07-13T07:35:23;HTTP;black Maine
6;structure;2021-07-12T21:29:48;Lead Well;Agent Towels Groves
7;Agent;2021-07-12T12:16:44;Iceland;auxiliary
8;neural Gorgeous Colorado;2021-07-12T17:13:05;Pants Wooden Intuitive;copying pixel
9;Vermont;2021-07-12T14:56:29;Home Barbados;tan RAM reboot
10;Loan sticky;2021-07-12T20:04:31;deploy;Credit
