id;company_name;number;address;website
1;Beauty Fresh quantifying;Soft Fish;bandwidth;proactive maroon
2;HTTP Dynamic synergies;User-friendly copying homogeneous;Small Response;indexing Senior tertiary
3;synthesize quantifying Card;solutions;hack Lake overriding;Persistent Licensed
4;Virginia Montenegro;Chicken Soft;Incredible Cambridgeshire;Lead Phased Baby
5;Belize;Reduced UIC-Franc Mayotte;New Square parse;bus analyzer
6;Greenland Texas primary;New seize;approach;Haiti
7;deposit;platforms metrics face;Berkshire National;vortals calculate Mouse
8;payment Brunei Locks;blockchains;blockchains;state reintermediate
9;initiatives innovative challenge;Meadow;Kids Loan;feed Avon National
10;seamless deposit program;reintermediate Borders;Franc Electronics parsing;Avon
