id;title;created_on;sender_address;receiver_address;amount;description
1;Kentucky;7182;Polarised;Facilitator;Response needs-based Operations;Shirt red
2;disintermediate internet matrix;25283;Fresh mission-critical;Executive Operations;connecting Executive;Cambridgeshire
3;e-tailers Technician navigating;80828;Course;synthesizing cross-platform 4th;primary;Bedfordshire JBOD
4;deliver Forest Fantastic;28653;enable;Island optical olive;plum monitor mindshare;compressing Maryland
5;connect Pizza multi-byte;43357;Carolina Networked mesh;e-business Gardens Planner;Bedfordshire metrics Lek;silver deposit Account
6;Berkshire;92075;calculating Chair Belgium;Electronics Pakistan;eyeballs Health lime;magnetic Operations
7;withdrawal Automotive;20325;capacitor local;software Drive program;Global hard Sahara;object-oriented Rubber invoice
8;Moldovan line;60224;utilisation PCI;visualize application initiatives;Alaska;Bypass Haiti cross-platform
9;Planner Israel Kids;12888;Soft payment mobile;Parkways budgetary;back-end Pants 1080p;database
10;Uruguay driver Car;50890;1080p;COM feed synthesize;Buckinghamshire transform Tokelau;productize Unbranded
